{
  "fonte": "São Paulo",
  "destino": "Maragogi",
  "ordem": [
    "São Paulo",
    "Jequié",
    "Arapiraca",
    "Patos de Minas",
    "Cuiabá",
    "Palmeira das Missões",
    "Barra do Bugres",
    "Iporá",
    "Presidente Médici",
    "São Luís de Montes Belos",
    "Ariquemes",
    "Itumbiara",
    "Luís Eduardo Magalhães",
    "São Miguel dos Campos",
    "Barreiras",
    "São Caitano",
    "Tacaimbó",
    "Caruaru",
    "Carlinda",
    "Goiânia",
    "São José de Piranhas",
    "Serra Grande",
    "Cajazeiras",
    "Uberlândia",
    "Gilbués",
    "São Bernardo do Campo",
    "Floriano",
    "Uberaba",
    "Mombaça",
    "Formosa",
    "Juazeiro do Norte",
    "Seabra",
    "Iguatu",
    "Ribeirão Preto",
    "Pontes e Lacerda",
    "Aragarças",
    "Vilhena",
    "Piranhas",
    "Comodoro",
    "Criciúma",
    "Paso de los Libres",
    "Porto Alegre",
    "Pacajus",
    "Chorozinho",
    "Barreira",
    "Horizonte",
    "Baraúna",
    "Mossoró",
    "Piripiri",
    "Brasília",
    "São Pedro do Piauí",
    "Tanque do Piauí",
    "Angical do Piauí",
    "Teresina",
    "Altamira",
    "Paragominas",
    "Porangatu",
    "Marília",
    "Ijuí",
    "Água Boa",
    "Santo Antônio do Sudoeste",
    "Coxim",
    "Casca",
    "Vanini",
    "Paraí",
    "Guabiju",
    "Vista Alegre do Prata",
    "Nova Bassano",
    "Nova Araçá",
    "São Domingos do Sul",
    "Nova Prata",
    "David Canabarro",
    "Água Santa"
  ],
  "camadas": [
    [
      "São Paulo"
    ],
    [
      "Jequié"
    ],
    [
      "Arapiraca"
    ],
    [
      "Patos de Minas"
    ],
    [
      "Cuiabá"
    ],
    [
      "Palmeira das Missões"
    ],
    [
      "Barra do Bugres"
    ],
    [
      "Iporá"
    ],
    [
      "Presidente Médici"
    ],
    [
      "São Luís de Montes Belos"
    ],
    [
      "Ariquemes"
    ],
    [
      "Itumbiara"
    ],
    [
      "Luís Eduardo Magalhães"
    ],
    [
      "São Miguel dos Campos"
    ],
    [
      "Barreiras"
    ],
    [
      "São Caitano"
    ],
    [
      "Tacaimbó"
    ],
    [
      "Caruaru"
    ],
    [
      "Carlinda"
    ],
    [
      "Goiânia"
    ],
    [
      "São José de Piranhas"
    ],
    [
      "Serra Grande"
    ],
    [
      "Cajazeiras"
    ],
    [
      "Uberlândia"
    ],
    [
      "Gilbués"
    ],
    [
      "São Bernardo do Campo"
    ],
    [
      "Floriano"
    ],
    [
      "Uberaba"
    ],
    [
      "Mombaça"
    ],
    [
      "Formosa"
    ],
    [
      "Juazeiro do Norte"
    ],
    [
      "Seabra"
    ],
    [
      "Iguatu"
    ],
    [
      "Ribeirão Preto"
    ],
    [
      "Pontes e Lacerda"
    ],
    [
      "Aragarças"
    ],
    [
      "Vilhena"
    ],
    [
      "Piranhas"
    ],
    [
      "Comodoro"
    ],
    [
      "Criciúma"
    ],
    [
      "Paso de los Libres"
    ],
    [
      "Porto Alegre"
    ],
    [
      "Pacajus"
    ],
    [
      "Chorozinho"
    ],
    [
      "Barreira"
    ],
    [
      "Horizonte"
    ],
    [
      "Baraúna"
    ],
    [
      "Mossoró"
    ],
    [
      "Piripiri"
    ],
    [
      "Brasília"
    ],
    [
      "São Pedro do Piauí"
    ],
    [
      "Tanque do Piauí"
    ],
    [
      "Angical do Piauí"
    ],
    [
      "Teresina"
    ],
    [
      "Altamira"
    ],
    [
      "Paragominas"
    ],
    [
      "Porangatu"
    ],
    [
      "Marília"
    ],
    [
      "Ijuí"
    ],
    [
      "Água Boa"
    ],
    [
      "Santo Antônio do Sudoeste"
    ],
    [
      "Coxim"
    ],
    [
      "Casca"
    ],
    [
      "Vanini"
    ],
    [
      "Paraí"
    ],
    [
      "Guabiju"
    ],
    [
      "Vista Alegre do Prata"
    ],
    [
      "Nova Bassano"
    ],
    [
      "Nova Araçá"
    ],
    [
      "São Domingos do Sul"
    ],
    [
      "Nova Prata"
    ],
    [
      "David Canabarro"
    ],
    [
      "Água Santa"
    ]
  ],
  "ciclos": [
    [
      "Paso de los Libres",
      "Criciúma",
      "Comodoro",
      "Piranhas",
      "Vilhena",
      "Aragarças",
      "Pontes e Lacerda",
      "Ribeirão Preto",
      "Iguatu",
      "Seabra",
      "Juazeiro do Norte",
      "Formosa",
      "Mombaça",
      "Uberaba",
      "Floriano",
      "São Bernardo do Campo",
      "Gilbués",
      "Uberlândia",
      "Cajazeiras",
      "Serra Grande",
      "São José de Piranhas",
      "Goiânia",
      "Carlinda",
      "Caruaru",
      "Tacaimbó",
      "São Caitano",
      "Barreiras",
      "São Miguel dos Campos",
      "Luís Eduardo Magalhães",
      "Itumbiara",
      "Ariquemes",
      "São Luís de Montes Belos",
      "Presidente Médici",
      "Iporá",
      "Barra do Bugres",
      "Palmeira das Missões",
      "Cuiabá",
      "Patos de Minas",
      "Arapiraca",
      "Jequié",
      "São Paulo"
    ],
    [
      "Barreira",
      "Chorozinho",
      "Pacajus"
    ],
    [
      "Horizonte",
      "Barreira",
      "Chorozinho",
      "Pacajus"
    ],
    [
      "Horizonte",
      "Barreira",
      "Chorozinho",
      "Pacajus",
      "Porto Alegre",
      "Paso de los Libres",
      "Criciúma",
      "Comodoro",
      "Piranhas",
      "Vilhena",
      "Aragarças",
      "Pontes e Lacerda",
      "Ribeirão Preto",
      "Iguatu",
      "Seabra",
      "Juazeiro do Norte",
      "Formosa",
      "Mombaça",
      "Uberaba",
      "Floriano",
      "São Bernardo do Campo",
      "Gilbués",
      "Uberlândia",
      "Cajazeiras",
      "Serra Grande",
      "São José de Piranhas",
      "Goiânia",
      "Carlinda",
      "Caruaru",
      "Tacaimbó",
      "São Caitano",
      "Barreiras",
      "São Miguel dos Campos",
      "Luís Eduardo Magalhães",
      "Itumbiara",
      "Ariquemes",
      "São Luís de Montes Belos",
      "Presidente Médici",
      "Iporá",
      "Barra do Bugres",
      "Palmeira das Missões",
      "Cuiabá",
      "Patos de Minas",
      "Arapiraca",
      "Jequié",
      "São Paulo"
    ],
    [
      "Angical do Piauí",
      "Tanque do Piauí",
      "São Pedro do Piauí",
      "Brasília",
      "Piripiri",
      "Mossoró",
      "Baraúna",
      "Horizonte",
      "Barreira",
      "Chorozinho",
      "Pacajus",
      "Porto Alegre",
      "Paso de los Libres",
      "Criciúma",
      "Comodoro",
      "Piranhas",
      "Vilhena",
      "Aragarças",
      "Pontes e Lacerda",
      "Ribeirão Preto",
      "Iguatu",
      "Seabra",
      "Juazeiro do Norte",
      "Formosa",
      "Mombaça",
      "Uberaba",
      "Floriano",
      "São Bernardo do Campo",
      "Gilbués",
      "Uberlândia",
      "Cajazeiras",
      "Serra Grande",
      "São José de Piranhas",
      "Goiânia",
      "Carlinda",
      "Caruaru",
      "Tacaimbó",
      "São Caitano",
      "Barreiras"
    ],
    [
      "Angical do Piauí",
      "Tanque do Piauí",
      "São Pedro do Piauí",
      "Brasília",
      "Piripiri",
      "Mossoró",
      "Baraúna",
      "Horizonte",
      "Barreira",
      "Chorozinho",
      "Pacajus",
      "Porto Alegre",
      "Paso de los Libres",
      "Criciúma",
      "Comodoro",
      "Piranhas",
      "Vilhena",
      "Aragarças",
      "Pontes e Lacerda",
      "Ribeirão Preto",
      "Iguatu",
      "Seabra",
      "Juazeiro do Norte",
      "Formosa",
      "Mombaça",
      "Uberaba",
      "Floriano",
      "São Bernardo do Campo",
      "Gilbués",
      "Uberlândia",
      "Cajazeiras",
      "Serra Grande",
      "São José de Piranhas",
      "Goiânia",
      "Carlinda",
      "Caruaru",
      "Tacaimbó",
      "São Caitano",
      "Barreiras",
      "São Miguel dos Campos",
      "Luís Eduardo Magalhães"
    ],
    [
      "Santo Antônio do Sudoeste",
      "Água Boa",
      "Ijuí",
      "Marília",
      "Porangatu",
      "Paragominas",
      "Altamira",
      "Teresina",
      "Angical do Piauí",
      "Tanque do Piauí",
      "São Pedro do Piauí",
      "Brasília",
      "Piripiri",
      "Mossoró",
      "Baraúna",
      "Horizonte",
      "Barreira",
      "Chorozinho",
      "Pacajus",
      "Porto Alegre"
    ],
    [
      "Coxim",
      "Santo Antônio do Sudoeste",
      "Água Boa",
      "Ijuí"
    ],
    [
      "Nova Araçá",
      "Nova Bassano",
      "Vista Alegre do Prata",
      "Guabiju",
      "Paraí",
      "Vanini"
    ],
    [
      "David Canabarro",
      "Nova Prata",
      "São Domingos do Sul",
      "Nova Araçá",
      "Nova Bassano"
    ]
  ]
}